Date,brent,gasoil
2009-01-02,46.91,57.4161073826
2009-01-05,49.62,64.2617449664
2009-01-06,50.53,69.0604026846
2009-01-07,45.86,67.1812080537
2009-01-08,44.67,64.1946308725
2009-01-09,44.42,61.0402684564
2009-01-12,42.91,61.0402684564
2009-01-13,44.83,64.0268456376
2009-01-14,45.08,61.4093959732
2009-01-15,44.69,61.4429530201
2009-01-16,46.57,62.2147651007
2009-01-19,44.5,58.7248322148
2009-01-20,43.62,60.0
2009-01-21,45.02,57.6174496644
2009-01-22,45.39,56.4765100671
2009-01-23,48.37,55.9395973154
2009-01-26,46.96,61.2080536913
2009-01-27,43.73,57.6510067114
2009-01-28,44.9,58.8255033557
2009-01-29,45.4,59.4630872483
2009-01-30,45.88,60.3355704698
2009-02-02,43.82,57.5838926174
2009-02-03,44.08,56.744966443
2009-02-04,44.15,56.711409396
2009-02-05,46.46,56.1744966443
2009-02-06,46.21,55.6040268456
2009-02-09,46.02,58.5234899329
2009-02-10,44.61,57.3825503356
2009-02-11,44.28,55.2348993289
2009-02-12,44.65,55.2348993289
2009-02-13,44.81,55.1342281879
2009-02-16,43.28,53.4563758389
2009-02-17,41.03,50.8724832215
2009-02-18,39.55,49.0268456376
2009-02-19,41.99,49.7651006711
2009-02-20,41.89,48.8590604027
2009-02-23,40.99,50.4026845638
2009-02-24,42.5,50.033557047
2009-02-25,44.29,50.5704697987
2009-02-26,46.51,53.7248322148
2009-02-27,46.35,51.8791946309
2009-03-02,42.21,49.1275167785
2009-03-03,43.7,48.4899328859
2009-03-04,46.12,51.3087248322
2009-03-05,43.64,49.1275167785
2009-03-06,44.85,48.9597315436
2009-03-09,44.13,51.3087248322
2009-03-10,43.96,51.5771812081
2009-03-11,41.4,48.7919463087
2009-03-12,45.09,48.7919463087
2009-03-13,44.93,52.3489932886
2009-03-16,43.98,51.1744966443
2009-03-17,48.24,53.6577181208
2009-03-18,47.66,53.9597315436
2009-03-19,50.67,57.4161073826
2009-03-20,51.22,58.4899328859
2009-03-23,53.47,62.7516778523
2009-03-24,53.5,62.8523489933
2009-03-25,51.75,62.5167785235
2009-03-26,53.46,62.1812080537
2009-03-27,51.98,61.1073825503
2009-03-30,47.99,58.9597315436
2009-03-31,49.23,56.3758389262
2009-04-01,48.44,55.6040268456
2009-04-02,52.75,60.5369127517
2009-04-03,53.47,59.5302013423
2009-04-06,52.24,59.0939597315
2009-04-07,51.22,59.0268456376
2009-04-08,51.59,59.0268456376
2009-04-09,54.06,60.7718120805
2009-04-13,52.14,58.5234899329
2009-04-14,51.96,60.6375838926
2009-04-15,51.79,60.067114094
2009-04-16,53.06,61.3422818792
2009-04-17,53.35,61.5436241611
2009-04-20,49.86,57.8523489933
2009-04-21,49.82,57.5838926174
2009-04-22,49.81,56.9463087248
2009-04-23,50.11,56.5100671141
2009-04-24,51.67,58.1208053691
2009-04-27,50.32,56.5100671141
2009-04-28,49.99,56.3422818792
2009-04-29,50.78,57.3825503356
2009-04-30,50.8,57.4496644295
2009-05-01,52.85,58.7583892617
2009-05-04,54.58,60.3691275168
2009-05-05,54.12,60.3355704698
2009-05-06,56.15,62.0134228188
2009-05-07,56.47,64.0604026846
2009-05-08,58.14,64.0268456376
2009-05-11,57.48,63.8255033557
2009-05-12,57.94,63.8255033557
2009-05-13,57.34,64.932885906
2009-05-14,56.69,63.4563758389
2009-05-15,55.98,62.7516778523
2009-05-18,58.47,62.5838926174
2009-05-19,58.92,63.0536912752
2009-05-20,60.59,64.6308724832
2009-05-21,59.93,63.9932885906
2009-05-22,60.78,64.3624161074
2009-05-25,60.21,64.3959731544
2009-05-26,61.24,64.5973154362
2009-05-27,62.5,65.4362416107
2009-05-28,64.39,67.7181208054
2009-05-29,65.52,70.2013422819
2009-06-01,67.97,72.2483221477
2009-06-02,68.17,74.6979865772
2009-06-03,65.88,72.8523489933
2009-06-04,68.71,74.3959731544
2009-06-05,68.34,73.7248322148
2009-06-08,67.88,73.255033557
2009-06-09,69.62,74.5302013423
2009-06-10,70.8,75.7718120805
2009-06-11,71.79,75.7718120805
2009-06-12,70.92,78.1208053691
2009-06-15,69.44,76.5771812081
2009-06-16,70.24,79.0604026846
2009-06-17,70.85,77.7181208054
2009-06-18,71.06,78.5234899329
2009-06-19,69.19,78.288590604
2009-06-22,66.98,73.5570469799
2009-06-23,68.8,73.8590604027
2009-06-24,68.33,75.7718120805
2009-06-25,69.78,76.2416107383
2009-06-26,68.92,74.8322147651
2009-06-29,70.99,76.4765100671
2009-06-30,69.3,74.7651006711
2009-07-01,68.79,74.7651006711
2009-07-02,66.65,71.8456375839
2009-07-03,65.61,71.0402684564
2009-07-06,64.05,69.4295302013
2009-07-07,63.23,67.7516778523
2009-07-08,60.43,65.5704697987
2009-07-09,61.1,64.932885906
2009-07-10,60.52,64.932885906
2009-07-13,60.69,64.8993288591
2009-07-14,60.86,65.9395973154
2009-07-15,63.09,67.4832214765
2009-07-16,62.75,69.1946308725
2009-07-17,65.38,70.6711409396
2009-07-20,66.44,72.2818791946
2009-07-21,66.87,74.1275167785
2009-07-22,67.21,73.355704698
2009-07-23,69.25,75.5369127517
2009-07-24,70.32,76.3087248322
2009-07-27,70.81,77.1812080537
2009-07-28,69.88,75.8053691275
2009-07-29,66.53,72.8859060403
2009-07-30,70.11,75.8053691275
2009-07-31,71.7,76.5771812081
2009-08-03,73.55,79.3959731544
2009-08-04,74.28,79.966442953
2009-08-05,75.51,81.4765100671
2009-08-06,74.83,82.0134228188
2009-08-07,73.59,81.5436241611
2009-08-10,73.5,81.2751677852
2009-08-11,72.46,79.7651006711
2009-08-12,72.89,79.7651006711
2009-08-13,73.48,81.610738255
2009-08-14,72.41,79.2281879195
2009-08-17,70.54,76.4429530201
2009-08-18,72.37,78.1543624161
2009-08-19,74.59,80.6040268456
2009-08-20,73.33,81.0402684564
2009-08-21,74.19,80.7718120805
2009-08-24,74.26,81.9463087248
2009-08-25,71.82,80.9395973154
2009-08-26,71.65,77.9530201342
2009-08-27,72.51,77.9865771812
2009-08-28,72.79,80.1006711409
2009-08-31,69.65,75.5369127517
2009-09-01,67.73,76.0067114094
2009-09-02,67.66,74.5973154362
2009-09-03,67.12,73.6577181208
2009-09-04,66.82,72.2818791946
2009-09-07,66.53,73.322147651
2009-09-08,69.42,76.1744966443
2009-09-09,69.83,76.5436241611
2009-09-10,69.86,76.5436241611
2009-09-11,67.69,75.7382550336
2009-09-14,67.44,74.0604026846
2009-09-15,67.35,74.0939597315
2009-09-16,71.67,75.5033557047
2009-09-17,71.55,78.7583892617
2009-09-18,71.32,77.7181208054
2009-09-21,68.69,75.067114094
2009-09-22,70.53,76.7785234899
2009-09-23,67.99,74.8322147651
2009-09-24,64.82,72.3825503356
2009-09-25,65.11,71.744966443
2009-09-28,65.54,72.7852348993
2009-09-29,65.49,72.1140939597
2009-09-30,69.07,74.0939597315
2009-10-01,69.19,75.5704697987
2009-10-02,68.07,74.3959731544
2009-10-05,68.04,73.0536912752
2009-10-06,68.56,76.3087248322
2009-10-07,67.2,75.3691275168
2009-10-08,69.77,75.7382550336
2009-10-09,70.0,76.9463087248
2009-10-12,71.36,76.9463087248
2009-10-13,72.4,80.1342281879
2009-10-14,73.1,81.3087248322
2009-10-15,74.45,82.6845637584
2009-10-16,76.99,83.9261744966
2009-10-19,77.77,84.966442953
2009-10-20,77.24,85.5704697987
2009-10-21,79.69,87.1140939597
2009-10-22,79.51,87.7516778523
2009-10-23,78.92,86.5436241611
2009-10-26,77.26,85.4362416107
2009-10-27,77.92,86.0067114094
2009-10-28,75.86,83.8590604027
2009-10-29,78.04,86.4429530201
2009-10-30,75.2,83.8590604027
2009-11-02,76.55,84.1946308725
2009-11-03,78.11,83.9261744966
2009-11-04,78.89,86.0402684564
2009-11-05,77.99,85.8724832215
2009-11-06,75.87,81.5100671141
2009-11-09,77.77,84.4295302013
2009-11-10,77.5,84.3624161074
2009-11-11,77.95,83.8590604027
2009-11-12,76.02,83.8590604027
2009-11-13,75.55,82.0134228188
2009-11-16,78.76,84.3624161074
2009-11-17,78.97,84.7315436242
2009-11-18,79.47,86.3087248322
2009-11-19,77.64,83.355704698
2009-11-20,77.2,81.7785234899
2009-11-23,77.46,84.3288590604
2009-11-24,76.46,80.7718120805
2009-11-25,78.44,81.7785234899
2009-11-26,76.99,81.9798657718
2009-11-27,77.18,81.2080536913
2009-11-30,78.47,82.4496644295
2009-12-01,79.35,85.033557047
2009-12-02,77.88,82.8859060403
2009-12-03,78.36,83.255033557
2009-12-04,77.52,83.4563758389
2009-12-07,76.43,81.7785234899
2009-12-08,75.19,80.8053691275
2009-12-09,72.39,79.932885906
2009-12-10,71.86,79.932885906
2009-12-11,71.88,78.1208053691
2009-12-14,71.89,78.9597315436
2009-12-15,72.05,79.2281879195
2009-12-16,73.55,80.9731543624
2009-12-17,73.37,79.4295302013
2009-12-18,73.75,79.8993288591
2009-12-21,72.99,80.7718120805
2009-12-22,73.46,78.7583892617
2009-12-23,75.45,82.0134228188
2009-12-24,76.31,81.4765100671
2009-12-28,77.32,84.2617449664
2009-12-29,77.64,84.4966442953
2009-12-30,78.03,85.4026845638
2009-12-31,77.93,85.3020134228
2010-01-04,80.12,87.7516778523
2010-01-05,80.59,88.4899328859
2010-01-06,81.89,88.8255033557
2010-01-07,81.51,88.6241610738
2010-01-08,81.37,88.0872483221
2010-01-11,80.97,88.1879194631
2010-01-12,79.3,88.1879194631
2010-01-13,78.31,85.3691275168
2010-01-14,77.82,85.4026845638
2010-01-15,77.11,84.5637583893
2010-01-18,77.1,83.6912751678
2010-01-19,77.63,82.6174496644
2010-01-20,76.32,82.4496644295
2010-01-21,74.58,82.1812080537
2010-01-22,72.83,80.2013422819
2010-01-25,73.69,79.7651006711
2010-01-26,73.29,80.033557047
2010-01-27,72.24,80.1677852349
2010-01-28,72.13,78.322147651
2010-01-29,71.46,78.7248322148
2010-02-01,73.11,78.7248322148
2010-02-02,76.06,80.8389261745
2010-02-03,75.92,82.8523489933
2010-02-04,72.13,78.9597315436
2010-02-05,69.59,77.2147651007
2010-02-08,70.11,76.1409395973
2010-02-09,72.13,76.8456375839
2010-02-10,72.54,77.4161073826
2010-02-11,73.05,77.4161073826
2010-02-12,72.9,78.355704698
2010-02-15,72.51,78.389261745
2010-02-16,75.68,82.0469798658
2010-02-17,76.27,82.0134228188
2010-02-18,77.78,83.8255033557
2010-02-19,78.19,84.6979865772
2010-02-22,78.61,85.5369127517
2010-02-23,77.25,84.3959731544
2010-02-24,78.09,84.6644295302
2010-02-25,76.29,82.2483221477
2010-02-26,77.59,84.3959731544
2010-03-01,76.89,85.067114094
2010-03-02,78.18,85.6375838926
2010-03-03,79.25,86.7785234899
2010-03-04,78.54,86.1744966443
2010-03-05,79.89,87.4496644295
2010-03-08,80.47,87.1476510067
2010-03-09,79.91,87.2818791946
2010-03-10,80.48,89.2281879195
2010-03-11,80.28,89.2281879195
2010-03-12,79.39,89.3624161074
2010-03-15,77.89,87.1476510067
2010-03-16,79.02,90.2348993289
2010-03-17,81.96,90.7046979866
2010-03-18,81.48,90.4362416107
2010-03-19,79.88,88.4228187919
2010-03-22,80.54,88.8926174497
2010-03-23,80.7,89.966442953
2010-03-24,79.62,88.6912751678
2010-03-25,79.61,89.1610738255
2010-03-26,79.29,88.6241610738
2010-03-29,81.17,91.2080536913
2010-03-30,81.28,90.5369127517
2010-03-31,82.7,91.7785234899
2010-04-01,84.01,94.4966442953
2010-04-05,85.88,96.7785234899
2010-04-06,86.15,97.4161073826
2010-04-07,85.59,96.1409395973
2010-04-08,84.81,95.1006711409
2010-04-09,84.83,95.2348993289
2010-04-12,84.77,95.2348993289
2010-04-13,84.72,93.9597315436
2010-04-14,86.15,95.9060402685
2010-04-15,87.17,96.0738255034
2010-04-16,85.99,94.6979865772
2010-04-19,84.23,92.3154362416
2010-04-20,84.8,94.0268456376
2010-04-21,85.7,94.0604026846
2010-04-22,85.67,94.6979865772
2010-04-23,87.25,96.4429530201
2010-04-26,86.83,96.5771812081
2010-04-27,85.78,96.5100671141
2010-04-28,86.16,95.3355704698
2010-04-29,86.9,97.7516778523
2010-04-30,87.44,98.2214765101
2010-05-03,88.94,99.7986577181
2010-05-04,85.67,97.2147651007
2010-05-05,82.61,93.8255033557
2010-05-06,79.83,91.677852349
2010-05-07,78.27,88.288590604
2010-05-10,80.12,90.1677852349
2010-05-11,80.49,90.9060402685
2010-05-12,81.2,90.9060402685
2010-05-13,80.11,91.644295302
2010-05-14,77.18,88.8926174497
2010-05-17,75.1,85.5369127517
2010-05-18,74.43,85.6711409396
2010-05-19,73.69,82.9194630872
2010-05-20,71.84,80.7718120805
2010-05-21,71.68,81.9127516779
2010-05-24,71.17,81.1073825503
2010-05-25,69.55,79.5302013423
2010-05-26,71.74,81.744966443
2010-05-27,74.66,84.966442953
2010-05-28,74.02,85.3691275168
2010-05-31,74.65,85.6040268456
2010-06-01,72.71,85.8724832215
2010-06-02,73.75,85.5033557047
2010-06-03,75.41,85.7046979866
2010-06-04,72.09,84.0939597315
2010-06-07,72.12,83.355704698
2010-06-08,72.3,83.8926174497
2010-06-09,74.27,85.8724832215
2010-06-10,75.29,85.8724832215
2010-06-11,74.35,85.8724832215
2010-06-14,75.2,87.6174496644
2010-06-15,76.2,87.9194630872
2010-06-16,78.14,88.9597315436
2010-06-17,78.68,91.8456375839
2010-06-18,78.22,91.4093959732
2010-06-21,78.82,92.6174496644
2010-06-22,78.04,91.610738255
2010-06-23,76.27,88.389261745
2010-06-24,76.47,88.1208053691
2010-06-25,78.12,89.2953020134
2010-06-28,77.59,90.0
2010-06-29,75.44,87.3489932886
2010-06-30,75.01,86.5436241611
2010-07-01,72.34,82.7852348993
2010-07-02,71.65,82.3825503356
2010-07-05,71.47,81.610738255
2010-07-06,71.45,83.6577181208
2010-07-07,73.51,84.0939597315
2010-07-08,74.71,85.9395973154
2010-07-09,75.42,86.4765100671
2010-07-12,74.37,86.4765100671
2010-07-13,76.65,87.6845637584
2010-07-14,76.77,87.4832214765
2010-07-15,76.19,85.5704697987
2010-07-16,75.37,85.7046979866
2010-07-19,75.62,87.0469798658
2010-07-20,76.22,86.8456375839
2010-07-21,75.37,85.5033557047
2010-07-22,77.82,87.6845637584
2010-07-23,77.45,87.4496644295
2010-07-26,77.5,87.9530201342
2010-07-27,76.13,86.1073825503
2010-07-28,76.06,85.7046979866
2010-07-29,77.59,87.3154362416
2010-07-30,78.18,87.0134228188
2010-08-02,80.82,91.2751677852
2010-08-03,82.68,92.7516778523
2010-08-04,82.2,93.0872483221
2010-08-05,81.61,92.3489932886
2010-08-06,80.16,91.1073825503
2010-08-09,80.99,91.3422818792
2010-08-10,79.6,89.8657718121
2010-08-11,77.64,87.5167785235
2010-08-12,75.52,87.5167785235
2010-08-13,75.11,85.4697986577
2010-08-16,74.85,84.966442953
2010-08-17,76.93,86.9798657718
2010-08-18,76.47,85.8053691275
2010-08-19,75.3,85.7046979866
2010-08-20,74.26,84.5973154362
2010-08-23,73.62,84.0268456376
2010-08-24,72.38,82.8523489933
2010-08-25,73.48,83.288590604
2010-08-26,75.02,85.8389261745
2010-08-27,76.65,86.3758389262
2010-08-30,76.6,86.7785234899
2010-08-31,74.64,86.0738255034
2010-09-01,76.35,86.644295302
2010-09-02,76.93,85.8724832215
2010-09-03,76.67,85.7718120805
2010-09-06,76.87,87.0134228188
2010-09-07,77.74,86.7785234899
2010-09-08,78.17,88.6577181208
2010-09-09,77.47,88.9597315436
2010-09-10,78.16,88.9597315436
2010-09-13,79.03,90.5033557047
2010-09-14,79.16,90.9060402685
2010-09-15,78.91,90.4026845638
2010-09-16,78.48,90.3020134228
2010-09-17,78.21,89.0604026846
2010-09-20,79.32,91.5771812081
2010-09-21,78.42,91.3087248322
2010-09-22,77.95,89.932885906
2010-09-23,78.11,90.9060402685
2010-09-24,78.87,91.644295302
2010-09-27,78.57,90.1006711409
2010-09-28,78.71,91.5436241611
2010-09-29,80.77,92.3154362416
2010-09-30,82.31,94.8657718121
2010-10-01,83.75,96.610738255
2010-10-04,83.28,97.5838926174
2010-10-05,84.84,97.1476510067
2010-10-06,85.06,98.4563758389
2010-10-07,83.43,96.7785234899
2010-10-08,84.03,96.8791946309
2010-10-11,83.72,97.0134228188
2010-10-12,83.5,97.0134228188
2010-10-13,84.64,97.3825503356
2010-10-14,84.53,97.1476510067
2010-10-15,82.45,95.5369127517
2010-10-18,84.37,96.0067114094
2010-10-19,81.1,94.4966442953
2010-10-20,83.6,94.7651006711
2010-10-21,81.83,94.5302013423
2010-10-22,82.96,93.9597315436
2010-10-25,83.54,95.3355704698
2010-10-26,83.66,95.3355704698
2010-10-27,83.23,93.4228187919
2010-10-28,83.59,95.033557047
2010-10-29,83.15,94.0604026846
2010-11-01,84.62,95.6040268456
2010-11-02,85.41,96.1409395973
2010-11-03,86.38,96.9463087248
2010-11-04,88.0,98.9932885906
2010-11-05,88.11,98.6912751678
2010-11-08,88.46,99.1275167785
2010-11-09,88.33,100.268456376
2010-11-10,88.96,101.10738255
2010-11-11,88.81,101.10738255
2010-11-12,86.34,99.6308724832
2010-11-15,86.7,99.1610738255
2010-11-16,84.73,97.1812080537
2010-11-17,83.28,95.7718120805
2010-11-18,85.05,96.0402684564
2010-11-19,84.34,94.6979865772
2010-11-22,83.96,94.0604026846
2010-11-23,83.25,93.9261744966
2010-11-24,85.84,96.5436241611
2010-11-25,86.1,97.8187919463
2010-11-26,85.58,96.9127516779
2010-11-29,87.34,98.5906040268
2010-11-30,85.92,97.8859060403
2010-12-01,88.87,98.6241610738
2010-12-02,90.69,100.738255034
2010-12-03,91.42,102.248322148
2010-12-06,91.45,102.818791946
2010-12-07,91.39,102.852348993
2010-12-08,90.77,101.644295302
2010-12-09,90.99,101.711409396
2010-12-10,90.48,101.711409396
2010-12-13,91.19,102.953020134
2010-12-14,91.21,102.718120805
2010-12-15,92.2,103.120805369
2010-12-16,91.71,103.255033557
2010-12-17,91.67,102.88590604
2010-12-20,92.74,102.583892617
2010-12-21,93.2,104.261744966
2010-12-22,93.65,104.832214765
2010-12-23,94.25,105.302013423
2010-12-24,93.77,104.563758389
2010-12-27,93.85,104.362416107
2010-12-28,94.38,104.731543624
2010-12-29,94.14,104.697986577
2010-12-30,93.09,102.785234899
2010-12-31,94.75,102.348993289
2011-01-03,94.84,106.409395973
2011-01-04,93.53,103.053691275
2011-01-05,95.5,104.362416107
2011-01-06,94.52,104.060402685
2011-01-07,93.33,103.22147651
2011-01-10,95.7,105.033557047
2011-01-11,97.61,106.644295302
2011-01-12,98.12,106.644295302
2011-01-13,98.06,108.791946309
2011-01-14,98.68,108.859060403
2011-01-17,97.43,108.724832215
2011-01-18,97.8,109.798657718
2011-01-19,98.16,110.234899329
2011-01-20,96.58,108.22147651
2011-01-21,97.6,109.261744966
2011-01-24,96.61,109.966442953
2011-01-25,95.25,107.248322148
2011-01-26,97.91,108.724832215
2011-01-27,97.39,109.66442953
2011-01-28,99.42,110.637583893
2011-01-31,101.01,112.147651007
2011-02-01,101.74,113.590604027
2011-02-02,102.34,115.167785235
2011-02-03,101.76,115.536912752
2011-02-04,99.83,113.187919463
2011-02-07,99.25,113.422818792
2011-02-08,99.92,114.060402685
2011-02-09,101.82,114.530201342
2011-02-10,100.87,114.530201342
2011-02-11,101.43,114.127516779
2011-02-14,103.08,116.979865772
2011-02-15,101.64,116.375838926
2011-02-16,103.78,116.476510067
2011-02-17,102.59,117.248322148
2011-02-18,102.52,115.536912752
2011-02-21,105.74,117.751677852
2011-02-22,105.78,119.429530201
2011-02-23,111.25,122.214765101
2011-02-24,111.36,124.161073826
2011-02-25,112.14,123.657718121
2011-02-28,111.8,125.134228188
2011-03-01,115.42,126.275167785
2011-03-02,116.35,129.496644295
2011-03-03,114.79,128.791946309
2011-03-04,115.97,129.697986577
2011-03-07,115.04,131.073825503
2011-03-08,113.06,127.483221477
2011-03-09,115.94,129.463087248
2011-03-10,115.43,129.463087248
2011-03-11,113.84,128.691275168
2011-03-14,113.67,129.261744966
2011-03-15,108.52,127.785234899
2011-03-16,110.62,128.724832215
2011-03-17,114.9,130.771812081
2011-03-18,113.93,130.503355705
2011-03-21,114.96,131.308724832
2011-03-22,115.7,132.55033557
2011-03-23,115.55,132.617449664
2011-03-24,115.72,131.77852349
2011-03-25,115.59,131.510067114
2011-03-28,114.8,131.744966443
2011-03-29,115.16,131.308724832
2011-03-30,115.13,131.275167785
2011-03-31,117.36,133.288590604
2011-04-01,118.7,134.295302013
2011-04-04,121.06,135.402684564
2011-04-05,122.22,137.11409396
2011-04-06,122.3,137.651006711
2011-04-07,122.67,137.516778523
2011-04-08,126.65,141.342281879
2011-04-11,123.98,141.006711409
2011-04-12,120.92,141.006711409
2011-04-13,122.88,136.208053691
2011-04-14,122.36,135.906040268
2011-04-15,123.45,137.516778523
2011-04-18,121.61,134.865771812
2011-04-19,121.33,134.261744966
2011-04-20,123.85,136.979865772
2011-04-21,123.99,136.10738255
2011-04-25,123.66,135.469798658
2011-04-26,124.14,136.610738255
2011-04-27,125.13,137.483221477
2011-04-28,125.02,139.362416107
2011-04-29,125.89,138.724832215
2011-05-02,125.12,139.563758389
2011-05-03,122.45,136.77852349
2011-05-04,121.19,133.993288591
2011-05-05,110.8,125.939597315
2011-05-06,109.13,124.630872483
2011-05-09,115.9,123.456375839
2011-05-10,117.63,126.342281879
2011-05-11,112.57,125.134228188
2011-05-12,112.98,125.134228188
2011-05-13,113.83,123.120805369
2011-05-16,112.73,124.026845638
2011-05-17,109.99,119.530201342
2011-05-18,112.3,122.785234899
2011-05-19,111.42,123.187919463
2011-05-20,112.39,122.046979866
2011-05-23,110.1,120.738255034
2011-05-24,112.53,123.389261745
2011-05-25,114.93,125.771812081
2011-05-26,115.05,126.409395973
2011-05-27,115.03,126.140939597
2011-05-30,114.68,126.543624161
2011-05-31,116.73,129.127516779
2011-06-01,114.53,128.758389262
2011-06-02,115.54,126.711409396
2011-06-03,115.84,127.617449664
2011-06-06,114.48,127.516778523
2011-06-07,116.78,128.120805369
2011-06-08,117.85,130.268456376
2011-06-09,119.57,131.140939597
2011-06-10,118.78,131.140939597
2011-06-13,119.1,132.55033557
2011-06-14,120.16,133.154362416
2011-06-15,117.1,131.342281879
2011-06-16,114.02,127.348993289
2011-06-17,113.21,126.208053691
2011-06-20,111.69,125.167785235
2011-06-21,110.95,123.657718121
2011-06-22,114.21,124.362416107
2011-06-23,107.26,119.32885906
2011-06-24,105.12,117.382550336
2011-06-27,105.99,117.248322148
2011-06-28,108.78,119.563758389
2011-06-29,112.4,123.926174497
2011-06-30,112.48,124.362416107
2011-07-01,111.77,122.11409396
2011-07-04,111.39,122.919463087
2011-07-05,113.61,124.630872483
2011-07-06,113.62,124.765100671
2011-07-07,118.59,128.959731544
2011-07-08,118.33,129.228187919
2011-07-11,117.24,128.691275168
2011-07-12,117.75,128.691275168
2011-07-13,118.78,131.946308725
2011-07-14,118.32,130.536912752
2011-07-15,117.26,131.174496644
2011-07-18,116.05,129.865771812
2011-07-19,117.06,131.006711409
2011-07-20,118.15,131.241610738
2011-07-21,117.51,131.979865772
2011-07-22,118.67,131.912751678
2011-07-25,117.94,131.375838926
2011-07-26,118.28,131.342281879
2011-07-27,117.43,130.805369128
2011-07-28,117.36,131.409395973
2011-07-29,116.74,130.33557047
2011-08-01,116.81,130.302013423
2011-08-02,116.46,129.865771812
2011-08-03,113.23,128.087248322
2011-08-04,107.25,125.369127517
2011-08-05,109.37,122.483221477
2011-08-08,103.74,120.838926174
2011-08-09,102.57,118.959731544
2011-08-10,106.68,119.127516779
2011-08-11,108.02,119.127516779
2011-08-12,108.03,123.087248322
2011-08-15,109.91,123.859060403
2011-08-16,109.47,124.496644295
2011-08-17,110.6,125.704697987
2011-08-18,106.99,122.348993289
2011-08-19,108.62,123.22147651
2011-08-22,108.36,122.88590604
2011-08-23,109.31,124.932885906
2011-08-24,110.15,126.476510067
2011-08-25,110.62,126.44295302
2011-08-26,111.36,127.44966443
2011-08-29,111.88,129.295302013
2011-08-30,114.02,130.67114094
2011-08-31,114.85,130.67114094
2011-09-01,114.29,129.731543624
2011-09-02,112.33,127.751677852
2011-09-05,110.08,125.369127517
2011-09-06,112.89,126.073825503
2011-09-07,115.8,129.765100671
2011-09-08,114.55,129.798657718
2011-09-09,112.77,126.10738255
2011-09-12,112.25,126.10738255
2011-09-13,111.89,124.127516779
2011-09-14,112.4,123.758389262
2011-09-15,115.34,127.818791946
2011-09-16,112.22,127.583892617
2011-09-19,109.14,125.033557047
2011-09-20,110.54,126.040268456
2011-09-21,110.36,126.879194631
2011-09-22,105.49,121.308724832
2011-09-23,103.97,120.67114094
2011-09-26,103.94,119.530201342
2011-09-27,107.14,121.711409396
2011-09-28,103.81,121.812080537
2011-09-29,103.95,120.570469799
2011-09-30,102.76,118.590604027
2011-10-03,101.71,117.382550336
2011-10-04,99.79,116.140939597
2011-10-05,102.73,116.510067114
2011-10-06,105.73,117.852348993
2011-10-07,105.88,120.302013423
2011-10-10,108.95,123.22147651
2011-10-11,110.73,122.416107383
2011-10-12,111.36,123.288590604
2011-10-13,111.11,123.590604027
2011-10-14,114.68,127.785234899
2011-10-17,110.16,127.214765101
2011-10-18,111.15,125.704697987
2011-10-19,108.39,127.281879195
2011-10-20,109.76,125.637583893
2011-10-21,109.56,128.255033557
2011-10-24,111.45,127.852348993
2011-10-25,110.92,128.456375839
2011-10-26,108.91,128.053691275
2011-10-27,112.08,130.167785235
2011-10-28,109.91,129.161073826
2011-10-31,109.56,127.583892617
2011-11-01,109.54,126.040268456
2011-11-02,109.34,129.026845638
2011-11-03,110.83,128.322147651
2011-11-04,111.97,130.134228188
2011-11-07,114.56,132.147651007
2011-11-08,115.0,133.489932886
2011-11-09,112.31,134.060402685
2011-11-10,113.71,134.060402685
2011-11-11,114.16,134.127516779
2011-11-14,111.89,134.127516779
2011-11-15,112.39,133.389261745
2011-11-16,111.88,133.456375839
2011-11-17,108.22,130.604026846
2011-11-18,107.56,130.604026846
2011-11-21,106.88,127.44966443
2011-11-22,109.03,127.785234899
2011-11-23,107.02,126.979865772
2011-11-24,107.78,127.44966443
2011-11-25,106.4,126.006711409
2011-11-28,109.0,127.516778523
2011-11-29,110.82,129.127516779
2011-11-30,110.52,129.563758389
2011-12-01,108.99,126.979865772
2011-12-02,109.94,127.684563758
2011-12-05,109.81,129.463087248
2011-12-06,110.81,128.624161074
2011-12-07,109.53,128.489932886
2011-12-08,108.11,127.281879195
2011-12-09,108.62,125.100671141
2011-12-12,107.26,125.100671141
2011-12-13,109.5,125.167785235
2011-12-14,105.02,121.44295302
2011-12-15,105.09,120.570469799
2011-12-16,103.35,120.033557047
2011-12-19,103.64,119.194630872
2011-12-20,106.73,121.10738255
2011-12-21,107.71,122.214765101
2011-12-22,107.89,123.422818792
2011-12-23,107.96,122.751677852
2011-12-27,109.27,124.093959732
2011-12-28,107.56,123.255033557
2011-12-29,108.01,123.691275168
2011-12-30,107.38,124.026845638
2012-01-03,112.13,127.986577181
2012-01-04,113.7,129.496644295
2012-01-05,112.74,129.731543624
2012-01-06,113.06,128.959731544
2012-01-09,112.45,128.724832215
2012-01-10,113.28,130.738255034
2012-01-11,112.24,130.33557047
2012-01-12,111.26,130.33557047
2012-01-13,110.44,127.852348993
2012-01-16,111.2,128.691275168
2012-01-17,111.53,127.88590604
2012-01-18,110.66,126.610738255
2012-01-19,111.55,126.610738255
2012-01-20,109.86,125.234899329
2012-01-23,110.58,125.771812081
2012-01-24,110.03,126.409395973
2012-01-25,109.81,126.476510067
2012-01-26,110.79,126.812080537
2012-01-27,111.46,128.020134228
2012-01-30,110.75,127.88590604
2012-01-31,110.98,127.416107383
2012-02-01,111.56,128.22147651
2012-02-02,112.07,127.214765101
2012-02-03,114.58,128.791946309
2012-02-06,115.93,132.651006711
2012-02-07,116.23,133.590604027
2012-02-08,117.2,133.020134228
2012-02-09,118.59,133.926174497
2012-02-10,117.31,133.926174497
2012-02-13,117.93,133.758389262
2012-02-14,118.16,133.187919463
2012-02-15,118.93,135.0
2012-02-16,120.11,134.765100671
2012-02-17,119.58,134.563758389
2012-02-20,120.05,135.872483221
2012-02-21,121.66,136.073825503
2012-02-22,122.9,137.416107383
2012-02-23,123.62,138.456375839
2012-02-24,125.47,138.355704698
2012-02-27,124.17,138.55704698
2012-02-28,121.55,137.214765101
2012-02-29,122.66,134.597315436
2012-03-01,126.2,135.503355705
2012-03-02,123.65,135.637583893
2012-03-05,123.8,136.208053691
2012-03-06,121.98,135.033557047
2012-03-07,124.12,135.033557047
2012-03-08,125.44,138.624161074
2012-03-09,125.98,138.758389262
2012-03-12,125.34,138.758389262
2012-03-13,126.22,139.127516779
2012-03-14,124.97,139.395973154
2012-03-15,123.55,137.44966443
2012-03-16,125.81,139.026845638
2012-03-19,125.71,140.067114094
2012-03-20,124.12,138.523489933
2012-03-21,124.2,137.818791946
2012-03-22,123.14,136.073825503
2012-03-23,125.13,138.120805369
2012-03-26,125.65,138.255033557
2012-03-27,125.54,137.684563758
2012-03-28,124.16,137.44966443
2012-03-29,122.39,136.610738255
2012-03-30,122.88,136.140939597
2012-04-02,125.43,137.516778523
2012-04-03,124.86,138.724832215
2012-04-04,122.34,135.939597315
2012-04-05,123.43,135.167785235
2012-04-09,122.67,133.322147651
2012-04-10,119.88,133.355704698
2012-04-11,120.18,134.093959732
2012-04-12,121.71,134.093959732
2012-04-13,121.83,135.369127517
2012-04-16,118.68,133.422818792
2012-04-17,118.78,133.456375839
2012-04-18,117.97,132.281879195
2012-04-19,118.0,133.691275168
2012-04-20,118.76,134.530201342
2012-04-23,118.71,132.852348993
2012-04-24,118.16,133.691275168
2012-04-25,119.12,133.691275168
2012-04-26,119.92,136.543624161
2012-04-27,119.83,135.369127517
2012-04-30,119.47,135.201342282
2012-05-01,119.66,136.040268456
2012-05-02,118.2,134.161073826
2012-05-03,116.08,132.651006711
2012-05-04,113.18,128.422818792
2012-05-07,113.16,127.718120805
2012-05-08,112.73,126.879194631
2012-05-09,113.2,128.624161074
2012-05-10,112.73,128.624161074
2012-05-11,112.26,127.617449664
2012-05-14,111.57,125.369127517
2012-05-15,112.24,125.134228188
2012-05-16,111.71,125.033557047
2012-05-17,107.49,123.288590604
2012-05-18,107.14,121.845637584
2012-05-21,108.81,122.348993289
2012-05-22,108.41,123.187919463
2012-05-23,105.56,121.241610738
2012-05-24,106.55,121.543624161
2012-05-25,106.83,121.912751678
2012-05-28,107.11,122.147651007
2012-05-29,106.68,122.281879195
2012-05-30,103.47,118.456375839
2012-05-31,101.87,116.879194631
2012-06-01,98.43,113.791946309
2012-06-04,98.85,113.154362416
2012-06-05,98.84,113.825503356
2012-06-06,100.64,116.174496644
2012-06-07,99.93,115.268456376
2012-06-08,99.47,113.489932886
2012-06-11,98.0,114.261744966
2012-06-12,97.14,114.261744966
2012-06-13,97.13,113.758389262
2012-06-14,97.03,113.389261745
2012-06-15,97.61,114.295302013
2012-06-18,96.05,112.953020134
2012-06-19,95.76,113.422818792
2012-06-20,92.69,112.919463087
2012-06-21,89.23,110.33557047
2012-06-22,90.98,108.993288591
2012-06-25,91.01,108.456375839
2012-06-26,93.02,109.899328859
2012-06-27,93.5,111.275167785
2012-06-28,91.36,110.302013423
2012-06-29,97.8,113.89261745
2012-07-02,97.34,113.959731544
2012-07-03,100.68,118.22147651
2012-07-04,99.77,117.684563758
2012-07-05,100.7,119.32885906
2012-07-06,98.19,116.610738255
2012-07-09,100.32,117.281879195
2012-07-10,97.97,117.516778523
2012-07-11,100.23,117.315436242
2012-07-12,101.07,117.315436242
2012-07-13,102.4,118.087248322
2012-07-16,103.55,119.395973154
2012-07-17,104.0,120.067114094
2012-07-18,105.16,121.644295302
2012-07-19,107.8,124.261744966
2012-07-20,106.83,123.422818792
2012-07-23,103.26,120.100671141
2012-07-24,103.42,119.228187919
2012-07-25,104.38,119.026845638
2012-07-26,105.26,121.543624161
2012-07-27,106.47,122.248322148
2012-07-30,106.2,122.55033557
2012-07-31,104.92,121.644295302
2012-08-01,105.96,122.080536913
2012-08-02,105.9,121.879194631
2012-08-03,108.94,123.89261745
2012-08-06,109.55,124.865771812
2012-08-07,112.0,127.11409396
2012-08-08,112.14,128.255033557
2012-08-09,113.22,128.791946309
2012-08-10,112.95,128.791946309
2012-08-13,113.6,128.489932886
2012-08-14,114.03,128.523489933
2012-08-15,116.25,130.067114094
2012-08-16,116.9,131.174496644
2012-08-17,113.71,131.510067114
2012-08-20,113.7,131.409395973
2012-08-21,114.64,132.718120805
2012-08-22,114.91,132.214765101
2012-08-23,115.01,133.624161074
2012-08-24,113.59,132.818791946
2012-08-27,112.26,131.912751678
2012-08-28,112.58,131.409395973
2012-08-29,112.54,131.342281879
2012-08-30,112.65,132.11409396
2012-08-31,114.57,133.55704698
2012-09-03,115.78,134.429530201
2012-09-04,114.18,133.959731544
2012-09-05,113.09,131.744966443
2012-09-06,113.49,132.986577181
2012-09-07,114.25,132.281879195
2012-09-10,114.81,132.651006711
2012-09-11,115.4,133.758389262
2012-09-12,115.96,133.758389262
2012-09-13,116.9,134.832214765
2012-09-14,116.66,136.040268456
2012-09-17,113.79,135.637583893
2012-09-18,112.03,132.684563758
2012-09-19,108.19,128.624161074
2012-09-20,110.03,129.295302013
2012-09-21,111.42,130.838926174
2012-09-24,109.81,129.697986577
2012-09-25,110.45,131.174496644
2012-09-26,110.04,129.161073826
2012-09-27,112.01,131.677852349
2012-09-28,112.39,131.644295302
2012-10-01,112.19,131.879194631
2012-10-02,111.57,131.510067114
2012-10-03,108.17,128.691275168
2012-10-04,112.58,131.409395973
2012-10-05,112.02,132.818791946
2012-10-08,111.82,133.355704698
2012-10-09,114.5,134.496644295
2012-10-10,114.33,137.651006711
2012-10-11,115.71,137.651006711
2012-10-12,114.62,134.362416107
2012-10-15,115.8,133.926174497
2012-10-16,115.07,134.66442953
2012-10-17,113.22,133.791946309
2012-10-18,112.42,133.758389262
2012-10-19,110.14,133.758389262
2012-10-22,109.44,131.174496644
2012-10-23,108.25,128.154362416
2012-10-24,107.85,128.456375839
2012-10-25,108.49,128.590604027
2012-10-26,109.55,130.0
2012-10-29,109.44,130.268456376
2012-10-30,109.08,129.32885906
2012-10-31,108.7,128.590604027
2012-11-01,108.17,126.476510067
2012-11-02,105.68,124.161073826
2012-11-05,107.73,123.825503356
2012-11-06,111.07,125.771812081
2012-11-07,106.82,124.966442953
2012-11-08,107.25,123.55704698
2012-11-09,109.4,124.899328859
2012-11-12,109.07,124.899328859
2012-11-13,108.26,123.926174497
2012-11-14,109.61,124.597315436
2012-11-15,110.98,124.966442953
2012-11-16,108.95,123.55704698
2012-11-19,111.7,127.785234899
2012-11-20,109.83,126.812080537
2012-11-21,110.86,127.718120805
2012-11-22,110.55,127.181208054
2012-11-23,111.38,127.751677852
2012-11-26,110.92,127.248322148
2012-11-27,109.87,126.208053691
2012-11-28,109.51,125.100671141
2012-11-29,110.76,127.348993289
2012-11-30,111.23,127.55033557
2012-12-03,110.92,127.483221477
2012-12-04,109.84,125.369127517
2012-12-05,108.81,124.563758389
2012-12-06,107.03,122.617449664
2012-12-07,107.02,121.577181208
2012-12-10,107.33,121.308724832
2012-12-11,108.01,121.275167785
2012-12-12,109.5,121.275167785
2012-12-13,107.91,123.55704698
2012-12-14,109.15,123.859060403
2012-12-17,107.64,123.791946309
2012-12-18,108.84,124.597315436
2012-12-19,110.36,125.771812081
2012-12-20,110.2,126.342281879
2012-12-21,108.97,125.167785235
2012-12-24,108.8,124.496644295
2012-12-26,111.07,126.342281879
2012-12-27,110.8,125.838926174
2012-12-28,110.62,125.234899329
2012-12-31,111.11,124.429530201
2013-01-02,112.47,126.510067114
2013-01-03,112.14,125.604026846
2013-01-04,111.31,124.630872483
2013-01-07,111.4,125.973154362
2013-01-08,111.94,126.879194631
2013-01-09,111.76,127.315436242
2013-01-10,111.89,127.315436242
2013-01-11,110.64,127.315436242
2013-01-14,111.88,128.120805369
2013-01-15,110.3,128.959731544
2013-01-16,110.61,128.187919463
2013-01-17,111.1,127.852348993
2013-01-18,111.89,128.288590604
2013-01-21,111.71,129.463087248
2013-01-22,112.42,130.167785235
2013-01-23,112.8,130.302013423
2013-01-24,113.28,131.006711409
2013-01-25,113.28,130.0
2013-01-28,113.48,130.302013423
2013-01-29,114.36,132.382550336
2013-01-30,114.9,132.986577181
2013-01-31,115.55,133.288590604
2013-02-01,116.76,135.0
2013-02-04,115.6,134.765100671
2013-02-05,116.52,135.637583893
2013-02-06,116.73,135.805369128
2013-02-07,117.24,136.174496644
2013-02-08,118.9,138.355704698
2013-02-11,118.13,137.751677852
2013-02-12,118.66,137.751677852
2013-02-13,118.72,135.704697987
2013-02-14,118.0,135.738255034
2013-02-15,117.66,134.630872483
2013-02-18,117.38,135.268456376
2013-02-19,117.52,134.194630872
2013-02-20,115.6,133.691275168
2013-02-21,113.53,131.744966443
2013-02-22,114.1,131.241610738
2013-02-25,114.44,131.375838926
2013-02-26,112.71,128.422818792
2013-02-27,111.87,126.744966443
2013-02-28,111.38,125.939597315
2013-03-01,110.4,123.55704698
2013-03-04,110.09,123.355704698
2013-03-05,111.61,124.127516779
2013-03-06,111.06,124.429530201
2013-03-07,111.15,124.966442953
2013-03-08,110.85,124.093959732
2013-03-11,110.22,124.161073826
2013-03-12,109.65,124.161073826
2013-03-13,108.52,122.483221477
2013-03-14,109.42,122.11409396
2013-03-15,109.82,123.22147651
2013-03-18,109.51,122.55033557
2013-03-19,107.45,120.805369128
2013-03-20,108.72,120.637583893
2013-03-21,107.47,120.570469799
2013-03-22,107.66,120.604026846
2013-03-25,108.17,120.906040268
2013-03-26,109.36,121.073825503
2013-03-27,109.69,122.248322148
2013-03-28,110.02,122.88590604
2013-04-01,111.08,123.355704698
2013-04-02,110.69,124.765100671
2013-04-03,107.11,122.516778523
2013-04-04,106.34,119.194630872
2013-04-05,104.12,118.120805369
2013-04-08,104.66,118.22147651
2013-04-09,106.23,117.919463087
2013-04-10,105.79,118.791946309
2013-04-11,104.27,118.791946309
2013-04-12,103.11,114.899328859
2013-04-15,100.39,113.724832215
2013-04-16,99.91,112.181208054
2013-04-17,97.69,110.771812081
2013-04-18,99.13,111.174496644
2013-04-19,99.65,111.744966443
2013-04-22,100.39,112.315436242
2013-04-23,100.31,112.684563758
2013-04-24,101.73,113.758389262
2013-04-25,103.41,115.100671141
2013-04-26,103.16,115.268456376
2013-04-29,103.81,115.100671141
2013-04-30,102.37,113.523489933
2013-05-01,99.95,110.436241611
2013-05-02,102.85,112.046979866
2013-05-03,104.19,115.167785235
2013-05-06,105.46,115.268456376
2013-05-07,104.4,116.577181208
2013-05-08,104.34,115.939597315
2013-05-09,104.47,116.44295302
2013-05-10,103.91,116.44295302
2013-05-13,102.82,115.536912752
2013-05-14,102.6,115.536912752
2013-05-15,103.68,113.657718121
2013-05-16,103.8,117.013422819
2013-05-17,104.64,117.583892617
2013-05-20,104.8,118.523489933
2013-05-21,103.91,117.55033557
2013-05-22,102.6,116.342281879
2013-05-23,102.44,114.026845638
2013-05-24,102.64,114.66442953
2013-05-27,102.62,115.234899329
2013-05-28,104.23,117.55033557
2013-05-29,102.43,116.140939597
2013-05-30,102.19,115.268456376
2013-05-31,100.39,113.389261745
2013-06-03,102.06,114.66442953
2013-06-04,103.24,115.134228188
2013-06-05,103.04,116.912751678
2013-06-06,103.61,116.208053691
2013-06-07,104.56,117.483221477
2013-06-10,103.95,116.677852349
2013-06-11,102.96,115.234899329
2013-06-12,103.49,115.234899329
2013-06-13,104.25,117.986577181
2013-06-14,105.93,120.436241611
2013-06-17,105.47,120.0
2013-06-18,106.02,119.832214765
2013-06-19,106.12,120.503355705
2013-06-20,102.15,117.55033557
2013-06-21,100.91,115.234899329
2013-06-24,101.16,115.0
2013-06-25,101.26,116.979865772
2013-06-26,101.66,115.939597315
2013-06-27,102.82,118.489932886
2013-06-28,102.16,118.55704698
2013-07-01,103.0,118.55704698
2013-07-02,104.0,118.087248322
2013-07-03,105.76,121.241610738
2013-07-04,105.54,121.10738255
2013-07-05,107.72,122.382550336
2013-07-08,107.43,122.583892617
2013-07-09,107.81,122.046979866
2013-07-10,108.51,122.651006711
2013-07-11,107.73,122.651006711
2013-07-12,108.81,122.986577181
2013-07-15,109.09,123.020134228
2013-07-16,109.4,123.456375839
2013-07-17,108.61,123.993288591
2013-07-18,108.7,124.66442953
2013-07-19,108.07,124.261744966
2013-07-22,108.15,123.288590604
2013-07-23,108.42,123.456375839
2013-07-24,107.19,122.718120805
2013-07-25,107.65,122.651006711
2013-07-26,107.17,122.214765101
2013-07-29,107.45,122.651006711
2013-07-30,106.91,121.879194631
2013-07-31,107.7,122.214765101
2013-08-01,109.54,124.429530201
2013-08-02,108.95,123.993288591
2013-08-05,108.7,123.523489933
2013-08-06,108.18,122.046979866
2013-08-07,107.44,121.610738255
2013-08-08,106.68,120.268456376
2013-08-09,108.22,121.308724832
2013-08-12,108.97,121.308724832
2013-08-13,109.82,124.530201342
2013-08-14,110.2,124.295302013
2013-08-15,111.11,125.805369128
2013-08-16,110.4,126.342281879
2013-08-19,109.9,126.476510067
2013-08-20,110.15,126.006711409
2013-08-21,109.81,126.006711409
2013-08-22,109.9,125.67114094
2013-08-23,111.04,126.409395973
2013-08-26,110.73,126.208053691
2013-08-27,114.36,129.093959732
2013-08-28,116.61,130.201342282
2013-08-29,115.16,131.375838926
2013-08-30,114.01,130.134228188
2013-09-02,114.33,128.657718121
2013-09-03,115.68,128.89261745
2013-09-04,114.91,128.959731544
2013-09-05,115.26,129.362416107
2013-09-06,116.12,130.33557047
2013-09-09,113.72,128.859060403
2013-09-10,111.25,126.006711409
2013-09-11,111.5,126.644295302
2013-09-12,112.63,126.644295302
2013-09-13,112.78,127.483221477
2013-09-16,110.07,126.744966443
2013-09-17,108.19,124.261744966
2013-09-18,110.6,124.060402685
2013-09-19,108.76,125.436241611
2013-09-20,109.22,124.194630872
2013-09-23,108.16,122.55033557
2013-09-24,108.64,121.610738255
2013-09-25,108.32,123.355704698
2013-09-26,109.21,123.55704698
2013-09-27,108.63,124.463087248
2013-09-30,108.37,122.55033557
2013-10-01,107.94,121.510067114
2013-10-02,109.19,123.825503356
2013-10-03,109.0,124.362416107
2013-10-04,109.46,123.825503356
2013-10-07,109.68,124.32885906
2013-10-08,110.16,125.570469799
2013-10-09,109.06,124.194630872
2013-10-10,111.8,126.912751678
2013-10-11,111.28,125.302013423
2013-10-14,111.04,125.033557047
2013-10-15,109.96,126.208053691
2013-10-16,110.86,126.845637584
2013-10-17,109.11,125.033557047
2013-10-18,109.94,126.073825503
2013-10-21,109.64,126.375838926
2013-10-22,109.97,125.704697987
2013-10-23,107.8,123.489932886
2013-10-24,106.99,122.348993289
2013-10-25,106.93,122.11409396
2013-10-28,109.61,124.261744966
2013-10-29,109.01,124.899328859
2013-10-30,109.86,125.805369128
2013-10-31,108.84,125.167785235
2013-11-01,105.91,122.818791946
2013-11-04,106.23,121.342281879
2013-11-05,105.33,121.208053691
2013-11-06,105.24,121.476510067
2013-11-07,103.46,119.261744966
2013-11-08,105.12,119.865771812
2013-11-11,106.4,121.241610738
2013-11-12,105.81,121.241610738
2013-11-13,107.12,120.973154362
2013-11-14,108.54,121.979865772
2013-11-15,108.5,122.315436242
2013-11-18,108.47,122.181208054
2013-11-19,106.92,122.248322148
2013-11-20,108.06,122.281879195
2013-11-21,110.08,123.926174497
2013-11-22,111.05,125.872483221
2013-11-25,111.0,125.469798658
2013-11-26,110.88,126.77852349
2013-11-27,111.31,126.308724832
2013-11-28,110.86,126.44295302
2013-11-29,109.69,126.577181208
2013-12-02,111.45,126.543624161
2013-12-03,112.62,126.946308725
2013-12-04,111.88,127.147651007
2013-12-05,110.98,126.677852349
2013-12-06,111.61,126.275167785
2013-12-09,109.39,125.402684564
2013-12-10,109.38,124.563758389
2013-12-11,109.7,125.100671141
2013-12-12,108.67,125.100671141
2013-12-13,108.83,123.187919463
2013-12-16,110.47,125.033557047
2013-12-17,108.44,123.422818792
2013-12-18,109.63,124.697986577
2013-12-19,110.29,125.536912752
2013-12-20,111.77,126.879194631
2013-12-23,111.56,126.946308725
2013-12-24,111.9,126.744966443
2013-12-26,111.98,127.516778523
2013-12-27,112.18,128.288590604
2013-12-30,111.21,126.912751678
2013-12-31,110.8,126.744966443
2014-01-02,107.78,123.959731544
2014-01-03,106.89,122.181208054
2014-01-06,106.73,122.181208054
2014-01-07,107.35,122.214765101
2014-01-08,107.15,122.44966443
2014-01-09,106.39,121.77852349
2014-01-10,107.25,121.77852349
2014-01-13,106.75,121.744966443
2014-01-14,106.39,120.838926174
2014-01-15,107.13,122.651006711
2014-01-16,107.09,121.812080537
2014-01-17,106.48,122.986577181
2014-01-20,106.35,121.845637584
2014-01-21,106.73,123.355704698
2014-01-22,108.27,123.355704698
2014-01-23,107.58,123.825503356
2014-01-24,107.88,123.724832215
2014-01-27,106.69,122.751677852
2014-01-28,107.41,123.154362416
2014-01-29,107.85,123.993288591
2014-01-30,107.95,124.026845638
2014-01-31,106.4,123.087248322
2014-02-03,106.04,121.208053691
2014-02-04,105.78,121.644295302
2014-02-05,106.25,120.67114094
2014-02-06,107.19,121.644295302
2014-02-07,109.57,123.355704698
2014-02-10,108.63,123.624161074
2014-02-11,108.68,123.691275168
2014-02-12,108.79,123.691275168
2014-02-13,108.73,123.288590604
2014-02-14,109.08,123.523489933
2014-02-17,109.18,124.026845638
2014-02-18,110.46,125.234899329
2014-02-19,110.47,126.241610738
2014-02-20,110.3,125.838926174
2014-02-21,109.85,124.798657718
2014-02-24,110.64,125.402684564
2014-02-25,109.51,124.194630872
2014-02-26,109.52,124.362416107
2014-02-27,108.96,123.255033557
2014-02-28,109.07,123.590604027
2014-03-03,111.2,126.275167785
2014-03-04,109.3,123.422818792
2014-03-05,107.76,122.382550336
2014-03-06,108.1,121.44295302
2014-03-07,109.0,122.751677852
2014-03-10,108.08,121.912751678
2014-03-11,108.55,121.979865772
2014-03-12,108.02,121.979865772
2014-03-13,107.39,119.563758389
2014-03-14,108.57,121.040268456
2014-03-17,106.24,119.395973154
2014-03-18,106.79,119.66442953
2014-03-19,105.85,119.060402685
2014-03-20,106.45,119.295302013
2014-03-21,106.92,120.872483221
2014-03-24,106.81,120.167785235
2014-03-25,106.99,120.939597315
2014-03-26,107.03,119.899328859
2014-03-27,107.83,120.67114094
2014-03-28,108.07,121.174496644
2014-03-31,107.76,120.0
2014-04-01,105.62,119.865771812
2014-04-02,104.79,117.248322148
2014-04-03,106.15,118.322147651
2014-04-04,106.72,119.932885906
2014-04-07,105.82,118.859060403
2014-04-08,107.67,119.563758389
2014-04-09,107.98,121.275167785
2014-04-10,107.46,121.275167785
2014-04-11,107.33,121.342281879
2014-04-14,109.07,122.147651007
2014-04-15,108.74,123.187919463
2014-04-16,109.6,124.194630872
2014-04-17,109.53,124.530201342
2014-04-21,109.95,124.496644295
2014-04-22,109.27,123.590604027
2014-04-23,109.11,123.22147651
2014-04-24,110.33,124.362416107
2014-04-25,109.58,123.456375839
2014-04-28,108.12,122.684563758
2014-04-29,108.98,123.523489933
2014-04-30,108.07,121.241610738
2014-05-01,107.76,120.771812081
2014-05-02,108.59,122.080536913
2014-05-05,107.72,120.536912752
2014-05-06,107.06,120.838926174
2014-05-07,108.13,121.073825503
2014-05-08,108.04,121.241610738
2014-05-09,107.89,121.677852349
2014-05-12,108.41,121.677852349
2014-05-13,109.24,121.610738255
2014-05-14,110.19,122.852348993
2014-05-15,110.44,122.684563758
2014-05-16,109.75,122.986577181
2014-05-19,109.37,122.44966443
2014-05-20,109.69,122.046979866
2014-05-21,110.55,122.718120805
2014-05-22,110.36,122.617449664
2014-05-23,110.54,122.516778523
2014-05-26,110.32,122.046979866
2014-05-27,110.02,122.416107383
2014-05-28,109.81,121.275167785
2014-05-29,109.97,121.510067114
2014-05-30,109.41,119.798657718
2014-06-02,108.83,119.496644295
2014-06-03,108.82,118.724832215
2014-06-04,108.4,118.624161074
2014-06-05,108.79,118.624161074
2014-06-06,108.61,118.657718121
2014-06-09,109.99,119.765100671
2014-06-10,109.52,118.758389262
2014-06-11,109.95,119.865771812
2014-06-12,113.02,119.865771812
2014-06-13,113.41,123.590604027
2014-06-16,112.94,124.093959732
2014-06-17,113.45,124.932885906
2014-06-18,114.26,125.503355705
2014-06-19,115.06,126.006711409
2014-06-20,114.81,125.536912752
2014-06-23,114.12,124.66442953
2014-06-24,114.46,125.637583893
2014-06-25,114.0,124.66442953
2014-06-26,113.21,124.127516779
2014-06-27,113.3,123.590604027
2014-06-30,112.36,122.818791946
2014-07-01,112.29,122.684563758
2014-07-02,111.24,121.979865772
2014-07-03,111.0,120.771812081
2014-07-04,110.64,120.503355705
2014-07-07,110.24,120.302013423
2014-07-08,108.94,119.127516779
2014-07-09,108.28,118.523489933
2014-07-10,108.67,118.523489933
2014-07-11,106.66,118.691275168
2014-07-14,106.98,118.55704698
2014-07-15,106.02,117.248322148
2014-07-16,105.85,118.322147651
2014-07-17,107.89,118.322147651
2014-07-18,107.24,118.657718121
2014-07-21,107.68,118.053691275
2014-07-22,107.33,118.456375839
2014-07-23,108.03,119.093959732
2014-07-24,107.07,118.89261745
2014-07-25,108.39,119.731543624
2014-07-28,107.57,119.362416107
2014-07-29,107.72,120.0
2014-07-30,106.51,119.899328859
2014-07-31,106.02,119.060402685
2014-08-01,104.84,118.590604027
2014-08-04,105.41,118.120805369
2014-08-05,104.61,116.711409396
2014-08-06,104.59,117.953020134
2014-08-07,105.44,118.053691275
2014-08-08,105.02,118.087248322
2014-08-11,104.68,118.624161074
2014-08-12,103.02,118.624161074
2014-08-13,104.28,117.44966443
2014-08-14,102.01,116.342281879
2014-08-15,103.53,116.342281879
2014-08-18,101.6,114.563758389
2014-08-19,101.56,114.865771812
2014-08-20,102.28,115.100671141
2014-08-21,102.63,115.33557047
2014-08-22,102.29,115.469798658
2014-08-25,102.65,115.436241611
2014-08-26,102.5,116.006711409
2014-08-27,102.72,116.040268456
2014-08-28,102.46,116.10738255
2014-08-29,103.19,116.073825503
2014-09-01,102.79,115.906040268
2014-09-02,100.34,114.697986577
2014-09-03,102.77,115.771812081
2014-09-04,101.83,115.939597315
2014-09-05,100.82,114.32885906
2014-09-08,100.2,113.724832215
2014-09-09,99.16,113.691275168
2014-09-10,98.04,111.543624161
2014-09-11,98.08,111.543624161
2014-09-12,97.11,111.711409396
2014-09-15,96.65,111.610738255
2014-09-16,99.05,112.046979866
2014-09-17,98.97,112.046979866
2014-09-18,97.7,110.604026846
2014-09-19,98.39,110.503355705
2014-09-22,96.97,109.395973154
2014-09-23,96.85,108.926174497
2014-09-24,96.95,108.288590604
2014-09-25,97.0,109.228187919
2014-09-26,97.0,109.093959732
2014-09-29,97.2,109.395973154
2014-09-30,94.67,108.120805369
2014-10-01,94.16,108.489932886
2014-10-02,93.42,105.469798658
2014-10-03,92.31,104.463087248
2014-10-06,92.79,104.530201342
2014-10-07,92.11,104.295302013
2014-10-08,91.38,103.255033557
2014-10-09,90.05,102.852348993
2014-10-10,90.21,102.852348993
2014-10-13,88.89,102.080536913
2014-10-14,85.04,100.167785235
2014-10-15,83.78,98.355704698
2014-10-16,84.47,97.4832214765
2014-10-17,86.16,101.543624161
2014-10-20,85.4,98.1879194631
2014-10-21,86.22,98.7583892617
2014-10-22,84.71,99.5637583893
2014-10-23,86.83,99.5302013423
2014-10-24,86.13,98.7248322148
2014-10-27,85.83,99.0268456376
2014-10-28,86.03,99.2953020134
2014-10-29,87.12,101.610738255
2014-10-30,86.24,100.201342282
2014-10-31,85.86,99.5637583893
2014-11-03,84.78,100.201342282
2014-11-04,82.82,97.4832214765
2014-11-05,82.95,97.9194630872
2014-11-06,82.86,97.2818791946
2014-11-07,83.39,99.4295302013
2014-11-10,82.34,99.6644295302
2014-11-11,81.67,97.3154362416
2014-11-12,80.38,97.3154362416
2014-11-13,77.92,94.6308724832
2014-11-14,79.41,93.6912751678
2014-11-17,79.31,93.6577181208
2014-11-18,78.47,93.6912751678
2014-11-19,78.1,93.6241610738
2014-11-20,79.33,93.389261745
2014-11-21,80.36,94.5302013423
2014-11-24,79.68,94.8657718121
2014-11-25,78.33,93.1879194631
2014-11-26,77.75,93.255033557
2014-11-27,72.58,86.3422818792
2014-11-28,70.15,88.1543624161
2014-12-01,72.54,86.8120805369
2014-12-02,70.54,86.0402684564
2014-12-03,69.92,85.1006711409
2014-12-04,69.64,83.4899328859
2014-12-05,69.07,83.0201342282
2014-12-08,66.19,80.7382550336
2014-12-09,66.84,81.0738255034
2014-12-10,64.24,78.0872483221
2014-12-11,63.68,78.0872483221
2014-12-12,61.85,75.9731543624
2014-12-15,61.06,74.5973154362
2014-12-16,59.86,73.9597315436
2014-12-17,61.18,73.5570469799
2014-12-18,59.27,73.0536912752
2014-12-19,61.38,73.6577181208
2014-12-22,60.11,73.5570469799
2014-12-23,61.69,73.8926174497
2014-12-24,60.24,72.9865771812
2014-12-26,59.45,72.3489932886
2014-12-29,57.88,71.8456375839
2014-12-30,57.9,70.5704697987
2014-12-31,57.33,68.7583892617
2015-01-02,56.42,69.6979865772
2015-01-05,53.11,67.5503355705
2015-01-06,51.1,66.4765100671
2015-01-07,51.15,65.067114094
2015-01-08,50.96,65.4697986577
2015-01-09,50.11,64.2953020134
2015-01-12,47.43,64.2953020134
2015-01-13,46.59,61.5100671141
2015-01-14,48.69,61.5436241611
2015-01-15,47.67,63.4899328859
2015-01-16,50.17,63.389261745
2015-01-19,48.84,63.5570469799
2015-01-20,47.99,63.6577181208
2015-01-21,49.03,63.1543624161
2015-01-22,48.52,63.6577181208
2015-01-23,48.79,64.0268456376
2015-01-26,48.16,63.7919463087
2015-01-27,49.6,63.7919463087
2015-01-28,48.47,64.2281879195
2015-01-29,49.13,63.5570469799
2015-01-30,52.99,64.1946308725
2015-02-02,54.75,68.7583892617
2015-02-03,57.91,72.0469798658
2015-02-04,54.16,71.9127516779
2015-02-05,56.57,72.9865771812
2015-02-06,57.8,74.4295302013
2015-02-09,58.34,76.5100671141
2015-02-10,56.43,74.7651006711
2015-02-11,54.66,73.8590604027
2015-02-12,57.05,73.8590604027
2015-02-13,61.52,78.322147651
2015-02-16,61.4,78.6241610738
2015-02-17,62.53,77.4161073826
2015-02-18,60.53,77.5167785235
2015-02-19,60.21,76.2751677852
2015-02-20,60.22,78.0536912752
2015-02-23,58.9,77.8523489933
2015-02-24,58.66,77.7516778523
2015-02-25,61.63,77.8187919463
2015-02-26,60.05,78.6241610738
2015-02-27,62.58,79.6979865772
2015-03-02,59.54,78.4563758389
2015-03-03,61.02,78.5570469799
2015-03-04,60.55,77.4832214765
2015-03-05,60.48,77.9865771812
2015-03-06,59.73,78.1543624161
2015-03-09,58.53,77.2818791946
2015-03-10,56.39,75.3355704698
2015-03-11,57.54,74.8322147651
2015-03-12,57.08,74.8322147651
2015-03-13,54.67,70.3020134228
2015-03-16,53.44,68.4228187919
2015-03-17,53.51,68.322147651
2015-03-18,55.91,69.5973154362
2015-03-19,54.43,69.8993288591
2015-03-20,55.32,70.5704697987
2015-03-23,55.92,70.8389261745
2015-03-24,55.11,70.2348993289
2015-03-25,56.48,70.4026845638
2015-03-26,59.19,73.2214765101
2015-03-27,56.41,72.6174496644
2015-03-30,56.29,70.8053691275
2015-03-31,55.11,70.6711409396
2015-04-01,57.1,71.644295302
2015-04-02,54.95,68.9932885906
2015-04-06,58.12,72.3154362416
2015-04-07,59.1,72.5503355705
2015-04-08,55.55,71.0067114094
2015-04-09,56.57,70.9060402685
2015-04-10,57.87,70.9060402685
2015-04-13,57.93,72.8523489933
2015-04-14,58.43,73.255033557
2015-04-15,60.32,75.2684563758
2015-04-16,63.98,76.8120805369
2015-04-17,63.45,77.5503355705
2015-04-20,63.45,77.0469798658
2015-04-21,62.08,76.4765100671
2015-04-22,62.73,76.644295302
2015-04-23,64.85,78.6241610738
2015-04-24,65.28,78.8255033557
2015-04-27,64.83,78.4899328859
2015-04-28,64.64,78.7248322148
2015-04-29,65.84,79.6979865772
2015-04-30,66.78,80.4362416107
2015-05-01,66.46,80.5033557047
2015-05-04,66.45,81.0738255034
2015-05-05,67.52,83.0201342282
2015-05-06,67.77,83.355704698
2015-05-07,65.54,81.3422818792
2015-05-08,65.39,79.966442953
2015-05-11,64.91,79.1946308725
2015-05-12,66.86,79.1946308725
2015-05-13,66.81,82.4832214765
2015-05-14,66.59,82.4496644295
2015-05-15,66.81,82.0134228188
2015-05-18,66.27,81.711409396
2015-05-19,64.02,79.6308724832
2015-05-20,65.03,79.5637583893
2015-05-21,66.54,81.8120805369
2015-05-22,65.37,80.4697986577
2015-05-25,65.52,81.3422818792
2015-05-26,63.72,78.5570469799
2015-05-27,62.06,77.3489932886
2015-05-28,62.58,76.610738255
2015-05-29,65.56,79.5973154362
2015-06-01,64.88,79.1610738255
2015-06-02,65.49,80.0
2015-06-03,63.8,78.5906040268
2015-06-04,62.03,76.1073825503
2015-06-05,63.31,76.0738255034
2015-06-08,62.69,76.744966443
2015-06-09,64.88,78.8590604027
2015-06-10,65.7,79.8657718121
2015-06-11,65.11,79.8657718121
2015-06-12,63.87,78.5570469799
2015-06-15,62.61,77.3154362416
2015-06-16,63.7,77.5503355705
2015-06-17,63.87,78.5906040268
2015-06-18,64.26,78.9261744966
2015-06-19,63.02,76.644295302
2015-06-22,63.34,76.5436241611
2015-06-23,64.45,78.288590604
2015-06-24,63.49,77.9865771812
2015-06-25,63.2,76.5436241611
2015-06-26,63.26,77.0469798658
2015-06-29,62.01,75.7718120805
2015-06-30,63.59,77.0134228188
2015-07-01,62.01,76.8120805369
2015-07-02,62.07,77.0805369128
2015-07-03,60.32,74.4966442953
2015-07-06,56.54,71.9798657718
2015-07-07,56.85,69.5302013423
2015-07-08,57.05,70.3691275168
2015-07-09,58.61,72.0469798658
2015-07-10,58.73,72.0469798658
2015-07-13,57.85,72.0469798658
2015-07-14,58.51,71.0402684564
2015-07-15,57.05,70.2684563758
2015-07-16,57.51,69.7651006711
2015-07-17,57.1,68.6912751678
2015-07-20,56.65,68.6241610738
2015-07-21,57.04,68.6241610738
2015-07-22,56.13,69.0604026846
2015-07-23,55.27,68.5570469799
2015-07-24,54.62,67.1812080537
2015-07-27,53.47,65.8053691275
2015-07-28,53.3,66.5100671141
2015-07-29,53.38,66.5436241611
2015-07-30,53.31,66.2751677852
2015-07-31,52.21,65.6040268456
2015-08-03,49.52,63.6577181208
2015-08-04,49.99,63.5234899329
2015-08-05,49.59,63.5234899329
2015-08-06,49.52,62.3489932886
2015-08-07,48.61,62.7516778523
2015-08-10,50.41,64.3624161074
2015-08-11,49.18,63.0201342282
2015-08-12,49.66,63.0201342282
2015-08-13,49.22,63.8590604027
2015-08-14,49.03,63.6912751678
2015-08-17,48.74,63.8255033557
2015-08-18,48.81,63.2214765101
2015-08-19,47.16,62.1476510067
2015-08-20,46.62,61.8456375839
2015-08-21,45.46,59.4295302013
2015-08-24,42.69,57.5167785235
2015-08-25,43.21,57.7516778523
2015-08-26,43.14,57.0134228188
2015-08-27,47.56,59.8322147651
2015-08-28,50.05,64.0939597315
2015-08-31,54.15,65.2013422819
2015-09-01,49.56,64.6644295302
2015-09-02,50.5,63.288590604
2015-09-03,50.68,66.4765100671
2015-09-04,49.61,65.1006711409
2015-09-07,47.63,63.1208053691
2015-09-08,49.52,64.5637583893
2015-09-09,47.58,63.4228187919
2015-09-10,48.89,63.4228187919
2015-09-11,48.14,63.4563758389
2015-09-14,46.37,62.3154362416
2015-09-15,46.63,61.3422818792
2015-09-16,49.75,64.0268456376
2015-09-17,49.08,62.7852348993
2015-09-18,47.47,62.1812080537
2015-09-21,48.92,62.3154362416
2015-09-22,49.08,61.711409396
2015-09-23,47.75,63.5234899329
2015-09-24,48.17,62.4496644295
2015-09-25,48.6,62.6845637584
2015-09-28,47.34,61.2751677852
2015-09-29,48.23,62.4161073826
2015-09-30,48.37,62.2818791946
2015-10-01,47.69,62.5167785235
2015-10-02,48.13,60.7046979866
2015-10-05,49.25,63.6241610738
2015-10-06,51.92,65.2684563758
2015-10-07,51.33,65.0
2015-10-08,53.05,64.5302013423
2015-10-09,52.65,64.6644295302
2015-10-12,49.86,64.6644295302
2015-10-13,49.24,61.2080536913
2015-10-14,49.15,60.9060402685
2015-10-15,48.71,60.3355704698
2015-10-16,50.46,61.2416107383
2015-10-19,48.61,60.0
2015-10-20,48.71,59.4295302013
2015-10-21,47.85,59.5637583893
2015-10-22,48.08,59.6644295302
2015-10-23,47.99,59.5637583893
2015-10-26,47.54,59.0939597315
2015-10-27,46.81,57.8523489933
2015-10-28,49.05,60.6375838926
2015-10-29,48.8,60.8389261745
2015-10-30,49.56,61.1073825503
2015-11-02,48.79,60.8724832215
2015-11-03,50.54,62.4832214765
2015-11-04,48.58,61.2751677852
2015-11-05,47.98,60.5704697987
2015-11-06,47.42,60.3020134228
2015-11-09,47.19,60.1342281879
2015-11-10,47.44,60.3691275168
2015-11-11,45.81,58.9261744966
2015-11-12,44.06,58.9261744966
2015-11-13,43.61,57.2147651007
2015-11-16,44.56,55.7046979866
2015-11-17,43.57,56.8120805369
2015-11-18,44.14,56.711409396
2015-11-19,44.18,57.3154362416
2015-11-20,44.66,57.0134228188
2015-11-23,44.83,58.0536912752
2015-11-24,46.12,58.2214765101
2015-11-25,46.17,57.5503355705
2015-11-26,45.46,56.5771812081
2015-11-27,44.86,56.1409395973
2015-11-30,44.61,56.3087248322
2015-12-01,44.44,54.0604026846
2015-12-02,42.49,52.7516778523
2015-12-03,43.84,53.0536912752
2015-12-04,43.0,53.1208053691
2015-12-07,40.73,50.1342281879
2015-12-08,40.26,49.4295302013
2015-12-09,40.11,48.7583892617
2015-12-10,39.73,48.7583892617
2015-12-11,37.93,46.0738255034
2015-12-14,37.92,44.4630872483
2015-12-15,38.45,46.4093959732
2015-12-16,37.19,45.3020134228
2015-12-17,37.06,45.1006711409
2015-12-18,36.88,46.1073825503
2015-12-21,36.35,44.1610738255
2015-12-22,36.11,44.8657718121
2015-12-23,37.36,45.1677852349
2015-12-24,37.89,45.6040268456
2015-12-28,36.62,45.1006711409
2015-12-29,37.79,45.8053691275
2015-12-30,36.46,44.4630872483
2015-12-31,37.28,43.7919463087
2016-01-04,37.22,44.0268456376
2016-01-05,36.42,44.1946308725
2016-01-06,34.23,42.2483221477
2016-01-07,33.75,42.4161073826
2016-01-08,33.55,39.8322147651
2016-01-11,31.55,38.8255033557
2016-01-12,30.86,38.8255033557
2016-01-13,30.31,38.5906040268
2016-01-14,31.03,38.0201342282
2016-01-15,28.94,37.4161073826
2016-01-18,28.55,36.4765100671
2016-01-19,28.76,36.3087248322
2016-01-20,27.88,33.1879194631
2016-01-21,29.25,34.7651006711
2016-01-22,32.18,38.1208053691
2016-01-25,30.5,37.2147651007
2016-01-26,31.8,37.9530201342
2016-01-27,33.1,39.1946308725
2016-01-28,33.89,41.3087248322
2016-01-29,34.74,40.8053691275
2016-02-01,34.24,40.1006711409
2016-02-02,32.72,39.0604026846
2016-02-03,35.04,40.8389261745
2016-02-04,34.46,41.8791946309
2016-02-05,34.06,41.0067114094
2016-02-08,32.88,40.8724832215
2016-02-09,30.32,38.5234899329
2016-02-10,30.84,37.0805369128
2016-02-11,30.06,37.0805369128
2016-02-12,33.36,41.8456375839
2016-02-15,33.39,41.9463087248
2016-02-16,32.18,41.0402684564
2016-02-17,34.5,43.0536912752
2016-02-18,34.28,43.1208053691
2016-02-19,33.01,41.3087248322
2016-02-22,34.69,42.5838926174
2016-02-23,33.27,40.5369127517
2016-02-24,34.41,40.5704697987
2016-02-25,35.29,41.2416107383
2016-02-26,35.1,43.6577181208
2016-02-29,35.97,43.5570469799
2016-03-01,36.81,43.355704698
2016-03-02,36.93,44.4966442953
2016-03-03,37.07,44.3624161074
2016-03-04,38.72,45.2013422819
2016-03-07,40.84,47.6510067114
2016-03-08,39.65,48.288590604
2016-03-09,41.07,48.6912751678
2016-03-10,40.05,48.6912751678
2016-03-11,40.39,49.2617449664
2016-03-14,39.53,47.7516778523
2016-03-15,38.74,46.9798657718
2016-03-16,40.33,49.0268456376
2016-03-17,41.54,50.3691275168
2016-03-18,41.2,50.3355704698
2016-03-21,41.54,49.6979865772
2016-03-22,41.79,50.2013422819
2016-03-23,40.47,48.7248322148
2016-03-24,40.44,48.4228187919
2016-03-28,40.27,47.2483221477
2016-03-29,39.14,45.8389261745
2016-03-30,39.26,47.1476510067
2016-03-31,39.6,47.6510067114
2016-04-01,38.67,45.067114094
2016-04-04,37.69,44.1275167785
2016-04-05,37.87,42.2147651007
2016-04-06,39.84,44.1610738255
2016-04-07,39.43,43.4228187919
2016-04-08,41.94,47.6174496644
2016-04-11,42.83,48.322147651
2016-04-12,44.69,48.322147651
2016-04-13,44.18,50.6040268456
2016-04-14,43.84,50.5704697987
2016-04-15,43.1,48.9261744966
2016-04-18,42.91,49.6979865772
2016-04-19,44.03,50.8053691275
2016-04-20,45.8,51.9127516779
2016-04-21,44.53,52.7852348993
2016-04-22,45.11,53.1208053691
2016-04-25,44.48,52.7516778523
2016-04-26,45.74,53.288590604
2016-04-27,47.18,54.0268456376
2016-04-28,48.14,55.7382550336
2016-04-29,48.13,55.4362416107
2016-05-02,45.83,55.067114094
2016-05-03,44.97,52.8859060403
2016-05-04,44.62,52.9194630872
2016-05-05,45.01,53.5234899329
2016-05-06,45.37,53.6912751678
2016-05-09,43.63,51.1073825503
2016-05-10,45.52,52.7852348993
2016-05-11,47.6,55.4362416107
2016-05-12,48.08,55.4362416107
2016-05-13,47.83,56.2080536913
2016-05-16,48.97,57.7516778523
2016-05-17,49.28,58.6577181208
2016-05-18,48.93,59.5637583893
2016-05-19,48.81,57.6510067114
2016-05-20,48.72,59.1610738255
2016-05-23,48.35,58.8926174497
2016-05-24,48.61,60.033557047
2016-05-25,49.74,60.067114094
2016-05-26,49.59,60.1677852349
2016-05-27,49.32,60.2013422819
2016-05-30,49.76,60.7046979866
2016-05-31,49.69,60.8724832215
2016-06-01,49.72,59.5637583893
2016-06-02,50.04,60.3691275168
2016-06-03,49.64,59.4630872483
2016-06-06,50.55,59.7315436242
2016-06-07,51.44,61.2416107383
2016-06-08,52.51,62.3489932886
2016-06-09,51.95,61.677852349
2016-06-10,50.54,61.677852349
2016-06-13,50.35,60.7046979866
2016-06-14,49.83,59.5302013423
2016-06-15,48.97,59.1946308725
2016-06-16,47.19,56.8456375839
2016-06-17,49.17,58.1208053691
2016-06-20,50.65,60.4697986577
2016-06-21,50.62,59.8657718121
2016-06-22,49.88,60.0
2016-06-23,50.91,60.3020134228
2016-06-24,48.41,58.389261745
2016-06-27,47.16,56.4765100671
2016-06-28,48.58,57.5167785235
2016-06-29,50.61,60.4026845638
2016-06-30,49.68,59.3959731544
